County,WeekStartDate,NewPos_All,Age 0-19,Age 20-39,Age 40-59,Age 60-79,Age 80+,Positive UnkAge,dtm_updated
Adams County,2020-03-08,4,0,1,1,2,0,0,2020/07/12 15:04:56
Adams County,2020-03-15,3,0,0,3,0,0,0,2020/07/12 15:04:56
Adams County,2020-03-22,9,0,1,4,4,0,0,2020/07/12 15:04:56
Adams County,2020-03-29,17,2,8,4,3,0,0,2020/07/12 15:04:56
Adams County,2020-04-05,8,1,2,4,1,0,0,2020/07/12 15:04:56
Adams County,2020-04-12,2,0,1,1,0,0,0,2020/07/12 15:04:56
Adams County,2020-04-19,4,0,4,0,0,0,0,2020/07/12 15:04:56
Adams County,2020-04-26,2,0,1,1,0,0,0,2020/07/12 15:04:56
Adams County,2020-05-03,1,1,0,0,0,0,0,2020/07/12 15:04:56
Adams County,2020-05-10,2,0,1,1,0,0,0,2020/07/12 15:04:56
Adams County,2020-05-17,4,0,0,4,0,0,0,2020/07/12 15:04:56
Adams County,2020-05-24,17,2,9,4,2,0,0,2020/07/12 15:04:56
Adams County,2020-05-31,14,5,6,3,0,0,0,2020/07/12 15:04:56
Adams County,2020-06-07,11,1,1,5,3,0,1,2020/07/12 15:04:56
Adams County,2020-06-14,13,1,4,5,3,0,0,2020/07/12 15:04:56
Adams County,2020-06-21,31,0,17,8,5,1,0,2020/07/12 15:04:56
Adams County,2020-06-28,52,14,12,18,8,0,0,2020/07/12 15:04:56
Adams County,2020-07-05,44,12,18,9,3,2,0,2020/07/12 15:04:56
Asotin County,2020-03-15,2,0,0,0,2,0,0,2020/07/12 15:04:56
Asotin County,2020-03-29,2,0,0,2,0,0,0,2020/07/12 15:04:56
Asotin County,2020-04-05,7,0,1,4,1,1,0,2020/07/12 15:04:56
Asotin County,2020-04-12,4,1,0,3,0,0,0,2020/07/12 15:04:56
Asotin County,2020-04-19,3,0,0,0,2,1,0,2020/07/12 15:04:56
Asotin County,2020-05-17,1,0,0,1,0,0,0,2020/07/12 15:04:56
Asotin County,2020-05-31,1,0,0,0,1,0,0,2020/07/12 15:04:56
Asotin County,2020-06-21,1,0,0,0,1,0,0,2020/07/12 15:04:56
Benton County,2020-02-16,1,0,1,0,0,0,0,2020/07/12 15:04:56
Benton County,2020-03-01,7,0,0,0,3,4,0,2020/07/12 15:04:56
Benton County,2020-03-08,17,0,3,4,6,4,0,2020/07/12 15:04:56
Benton County,2020-03-15,57,2,14,16,10,14,1,2020/07/12 15:04:56
Benton County,2020-03-22,106,3,21,27,25,30,0,2020/07/12 15:04:56
Benton County,2020-03-29,88,2,24,29,21,12,0,2020/07/12 15:04:56
Benton County,2020-04-05,72,7,21,30,12,2,0,2020/07/12 15:04:56
Benton County,2020-04-12,66,3,30,22,9,2,0,2020/07/12 15:04:56
Benton County,2020-04-19,103,6,39,25,19,14,0,2020/07/12 15:04:56
Benton County,2020-04-26,81,7,24,26,15,9,0,2020/07/12 15:04:56
Benton County,2020-05-03,44,2,21,9,9,3,0,2020/07/12 15:04:56
Benton County,2020-05-10,67,4,32,24,6,1,0,2020/07/12 15:04:56
Benton County,2020-05-17,100,13,37,26,9,15,0,2020/07/12 15:04:56
Benton County,2020-05-24,122,12,48,32,21,9,0,2020/07/12 15:04:56
Benton County,2020-05-31,186,19,75,58,28,6,0,2020/07/12 15:04:56
Benton County,2020-06-07,260,31,121,77,25,6,0,2020/07/12 15:04:56
Benton County,2020-06-14,269,32,100,81,35,21,0,2020/07/12 15:04:56
Benton County,2020-06-21,289,40,141,76,25,7,0,2020/07/12 15:04:56
Benton County,2020-06-28,288,39,130,79,32,8,0,2020/07/12 15:04:56
Benton County,2020-07-05,118,20,48,40,8,2,0,2020/07/12 15:04:56
Chelan County,2020-02-09,1,0,0,1,0,0,0,2020/07/12 15:04:56
Chelan County,2020-03-08,8,0,1,5,1,1,0,2020/07/12 15:04:56
Chelan County,2020-03-15,8,0,4,0,2,2,0,2020/07/12 15:04:56
Chelan County,2020-03-22,12,0,3,2,3,4,0,2020/07/12 15:04:56
Chelan County,2020-03-29,24,1,7,6,9,1,0,2020/07/12 15:04:56
Chelan County,2020-04-05,16,0,10,4,2,0,0,2020/07/12 15:04:56
Chelan County,2020-04-12,25,1,18,6,0,0,0,2020/07/12 15:04:56
Chelan County,2020-04-19,25,5,7,9,4,0,0,2020/07/12 15:04:56
Chelan County,2020-04-26,20,1,6,7,6,0,0,2020/07/12 15:04:56
Chelan County,2020-05-03,25,6,11,7,1,0,0,2020/07/12 15:04:56
Chelan County,2020-05-10,35,6,18,10,0,1,0,2020/07/12 15:04:56
Chelan County,2020-05-17,43,5,16,19,3,0,0,2020/07/12 15:04:56
Chelan County,2020-05-24,20,5,8,5,2,0,0,2020/07/12 15:04:56
Chelan County,2020-05-31,6,2,3,0,1,0,0,2020/07/12 15:04:56
Chelan County,2020-06-07,10,4,5,1,0,0,0,2020/07/12 15:04:56
Chelan County,2020-06-14,24,0,13,9,1,1,0,2020/07/12 15:04:56
Chelan County,2020-06-21,62,5,28,23,4,2,0,2020/07/12 15:04:56
Chelan County,2020-06-28,106,19,41,32,11,3,0,2020/07/12 15:04:56
Chelan County,2020-07-05,83,12,38,28,5,0,0,2020/07/12 15:04:56
Clallam County,2020-03-01,2,0,0,0,2,0,0,2020/07/12 15:04:56
Clallam County,2020-03-08,5,0,0,2,3,0,0,2020/07/12 15:04:56
Clallam County,2020-03-15,3,0,2,0,1,0,0,2020/07/12 15:04:56
Clallam County,2020-03-29,3,0,2,0,1,0,0,2020/07/12 15:04:56
Clallam County,2020-04-05,1,0,0,1,0,0,0,2020/07/12 15:04:56
Clallam County,2020-04-19,4,0,3,0,0,1,0,2020/07/12 15:04:56
Clallam County,2020-04-26,1,0,1,0,0,0,0,2020/07/12 15:04:56
Clallam County,2020-05-10,4,2,0,2,0,0,0,2020/07/12 15:04:56
Clallam County,2020-05-17,2,2,0,0,0,0,0,2020/07/12 15:04:56
Clallam County,2020-05-24,2,0,1,0,0,1,0,2020/07/12 15:04:56
Clallam County,2020-05-31,1,0,0,1,0,0,0,2020/07/12 15:04:56
Clallam County,2020-06-07,4,0,2,1,1,0,0,2020/07/12 15:04:56
Clallam County,2020-06-14,1,0,1,0,0,0,0,2020/07/12 15:04:56
Clallam County,2020-06-21,7,2,2,3,0,0,0,2020/07/12 15:04:56
Clallam County,2020-06-28,7,0,3,1,3,0,0,2020/07/12 15:04:56
Clallam County,2020-07-05,9,4,3,1,1,0,0,2020/07/12 15:04:56
Clark County,2020-02-23,3,0,0,1,1,1,0,2020/07/12 15:04:56
Clark County,2020-03-01,5,0,0,2,0,3,0,2020/07/12 15:04:56
Clark County,2020-03-08,29,0,3,15,11,0,0,2020/07/12 15:04:56
Clark County,2020-03-15,57,2,10,26,15,4,0,2020/07/12 15:04:56
Clark County,2020-03-22,70,0,21,27,19,3,0,2020/07/12 15:04:56
Clark County,2020-03-29,49,1,11,19,16,2,0,2020/07/12 15:04:56
Clark County,2020-04-05,62,2,19,17,16,8,0,2020/07/12 15:04:56
Clark County,2020-04-12,46,2,8,15,12,9,0,2020/07/12 15:04:56
Clark County,2020-04-19,22,3,3,7,1,8,0,2020/07/12 15:04:56
Clark County,2020-04-26,18,3,6,5,3,1,0,2020/07/12 15:04:56
Clark County,2020-05-03,21,6,8,6,1,0,0,2020/07/12 15:04:56
Clark County,2020-05-10,20,2,8,8,2,0,0,2020/07/12 15:04:56
Clark County,2020-05-17,68,4,33,28,3,0,0,2020/07/12 15:04:56
Clark County,2020-05-24,77,27,26,18,5,1,0,2020/07/12 15:04:56
Clark County,2020-05-31,57,10,20,21,5,1,0,2020/07/12 15:04:56
Clark County,2020-06-07,39,3,18,13,4,1,0,2020/07/12 15:04:56
Clark County,2020-06-14,61,9,31,14,6,1,0,2020/07/12 15:04:56
Clark County,2020-06-21,154,12,83,45,13,1,0,2020/07/12 15:04:56
Clark County,2020-06-28,119,13,53,33,18,2,0,2020/07/12 15:04:56
Clark County,2020-07-05,88,12,40,22,9,5,0,2020/07/12 15:04:56
Columbia County,2020-03-01,1,0,0,0,1,0,0,2020/07/12 15:04:56
Columbia County,2020-06-07,2,0,0,2,0,0,0,2020/07/12 15:04:56
Columbia County,2020-06-14,5,4,1,0,0,0,0,2020/07/12 15:04:56
Columbia County,2020-07-05,1,0,0,1,0,0,0,2020/07/12 15:04:56
Cowlitz County,2020-02-23,1,0,0,0,1,0,0,2020/07/12 15:04:56
Cowlitz County,2020-03-01,1,0,0,0,1,0,0,2020/07/12 15:04:56
Cowlitz County,2020-03-08,8,0,2,1,5,0,0,2020/07/12 15:04:56
Cowlitz County,2020-03-15,8,0,3,1,3,1,0,2020/07/12 15:04:56
Cowlitz County,2020-03-22,3,0,2,0,1,0,0,2020/07/12 15:04:56
Cowlitz County,2020-03-29,7,1,1,2,3,0,0,2020/07/12 15:04:56
Cowlitz County,2020-04-05,6,0,0,4,2,0,0,2020/07/12 15:04:56
Cowlitz County,2020-04-12,10,0,2,2,6,0,0,2020/07/12 15:04:56
Cowlitz County,2020-04-19,5,0,3,2,0,0,0,2020/07/12 15:04:56
Cowlitz County,2020-04-26,14,5,6,1,2,0,0,2020/07/12 15:04:56
Cowlitz County,2020-05-03,5,1,1,1,2,0,0,2020/07/12 15:04:56
Cowlitz County,2020-05-10,5,0,2,3,0,0,0,2020/07/12 15:04:56
Cowlitz County,2020-05-17,2,0,0,2,0,0,0,2020/07/12 15:04:56
Cowlitz County,2020-05-24,3,0,0,3,0,0,0,2020/07/12 15:04:56
Cowlitz County,2020-05-31,34,2,18,10,3,1,0,2020/07/12 15:04:56
Cowlitz County,2020-06-07,23,4,11,6,2,0,0,2020/07/12 15:04:56
Cowlitz County,2020-06-14,33,5,15,9,2,1,1,2020/07/12 15:04:56
Cowlitz County,2020-06-21,29,5,11,7,6,0,0,2020/07/12 15:04:56
Cowlitz County,2020-06-28,33,2,14,13,3,1,0,2020/07/12 15:04:56
Cowlitz County,2020-07-05,38,7,17,12,2,0,0,2020/07/12 15:04:56
Douglas County,2020-03-01,2,0,0,1,0,0,1,2020/07/12 15:04:56
Douglas County,2020-03-08,1,0,0,0,0,1,0,2020/07/12 15:04:56
Douglas County,2020-03-15,1,0,0,0,1,0,0,2020/07/12 15:04:56
Douglas County,2020-03-22,9,3,1,2,1,2,0,2020/07/12 15:04:56
Douglas County,2020-03-29,8,1,6,1,0,0,0,2020/07/12 15:04:56
Douglas County,2020-04-05,8,0,4,1,2,1,0,2020/07/12 15:04:56
Douglas County,2020-04-12,38,2,31,4,0,1,0,2020/07/12 15:04:56
Douglas County,2020-04-19,13,0,6,5,2,0,0,2020/07/12 15:04:56
Douglas County,2020-04-26,23,1,7,8,5,2,0,2020/07/12 15:04:56
Douglas County,2020-05-03,20,3,10,7,0,0,0,2020/07/12 15:04:56
Douglas County,2020-05-10,21,2,6,9,4,0,0,2020/07/12 15:04:56
Douglas County,2020-05-17,23,4,5,12,2,0,0,2020/07/12 15:04:56
Douglas County,2020-05-24,11,1,4,5,1,0,0,2020/07/12 15:04:56
Douglas County,2020-05-31,3,0,1,2,0,0,0,2020/07/12 15:04:56
Douglas County,2020-06-07,12,5,2,4,1,0,0,2020/07/12 15:04:56
Douglas County,2020-06-14,20,4,7,8,1,0,0,2020/07/12 15:04:56
Douglas County,2020-06-21,41,7,20,12,2,0,0,2020/07/12 15:04:56
Douglas County,2020-06-28,75,17,30,26,1,1,0,2020/07/12 15:04:56
Douglas County,2020-07-05,51,12,19,16,3,1,0,2020/07/12 15:04:56
Franklin County,2020-02-09,1,0,0,1,0,0,0,2020/07/12 15:04:56
Franklin County,2020-02-23,1,0,0,0,1,0,0,2020/07/12 15:04:56
Franklin County,2020-03-01,2,0,1,0,1,0,0,2020/07/12 15:04:56
Franklin County,2020-03-08,5,0,1,3,1,0,0,2020/07/12 15:04:56
Franklin County,2020-03-15,18,0,10,6,1,1,0,2020/07/12 15:04:56
Franklin County,2020-03-22,48,1,10,27,10,0,0,2020/07/12 15:04:56
Franklin County,2020-03-29,53,3,16,27,5,2,0,2020/07/12 15:04:56
Franklin County,2020-04-05,64,1,21,26,14,2,0,2020/07/12 15:04:56
Franklin County,2020-04-12,78,3,27,35,6,7,0,2020/07/12 15:04:56
Franklin County,2020-04-19,79,3,21,33,15,5,2,2020/07/12 15:04:56
Franklin County,2020-04-26,73,3,31,29,9,1,0,2020/07/12 15:04:56
Franklin County,2020-05-03,39,0,12,14,10,3,0,2020/07/12 15:04:56
Franklin County,2020-05-10,60,3,26,21,7,3,0,2020/07/12 15:04:56
Franklin County,2020-05-17,95,14,40,31,10,0,0,2020/07/12 15:04:56
Franklin County,2020-05-24,153,22,57,55,18,1,0,2020/07/12 15:04:56
Franklin County,2020-05-31,237,29,80,92,32,4,0,2020/07/12 15:04:56
Franklin County,2020-06-07,250,33,108,79,28,2,0,2020/07/12 15:04:56
Franklin County,2020-06-14,323,38,146,110,27,2,0,2020/07/12 15:04:56
Franklin County,2020-06-21,339,48,142,119,24,5,1,2020/07/12 15:04:56
Franklin County,2020-06-28,326,56,133,97,33,7,0,2020/07/12 15:04:56
Franklin County,2020-07-05,153,26,62,41,22,2,0,2020/07/12 15:04:56
Grant County,2020-02-16,1,0,0,1,0,0,0,2020/07/12 15:04:56
Grant County,2020-02-23,1,0,0,0,0,1,0,2020/07/12 15:04:56
Grant County,2020-03-01,4,0,1,0,3,0,0,2020/07/12 15:04:56
Grant County,2020-03-08,36,4,12,13,7,0,0,2020/07/12 15:04:56
Grant County,2020-03-15,33,1,8,15,9,0,0,2020/07/12 15:04:56
Grant County,2020-03-22,22,2,9,8,3,0,0,2020/07/12 15:04:56
Grant County,2020-03-29,18,1,11,5,1,0,0,2020/07/12 15:04:56
Grant County,2020-04-05,28,3,8,10,7,0,0,2020/07/12 15:04:56
Grant County,2020-04-12,13,3,4,5,1,0,0,2020/07/12 15:04:56
Grant County,2020-04-19,11,2,7,2,0,0,0,2020/07/12 15:04:56
Grant County,2020-04-26,15,1,12,2,0,0,0,2020/07/12 15:04:56
Grant County,2020-05-03,4,0,0,3,1,0,0,2020/07/12 15:04:56
Grant County,2020-05-10,6,2,1,3,0,0,0,2020/07/12 15:04:56
Grant County,2020-05-17,19,4,9,6,0,0,0,2020/07/12 15:04:56
Grant County,2020-05-24,32,9,13,4,4,2,0,2020/07/12 15:04:56
Grant County,2020-05-31,15,2,9,4,0,0,0,2020/07/12 15:04:56
Grant County,2020-06-07,100,23,36,28,11,2,0,2020/07/12 15:04:56
Grant County,2020-06-14,134,23,57,35,15,4,0,2020/07/12 15:04:56
Grant County,2020-06-21,101,20,37,32,11,1,0,2020/07/12 15:04:56
Grant County,2020-06-28,118,18,50,34,12,4,0,2020/07/12 15:04:56
Grant County,2020-07-05,85,17,36,22,6,4,0,2020/07/12 15:04:56
Grays Harbor County,2020-02-16,1,0,0,0,1,0,0,2020/07/12 15:04:56
Grays Harbor County,2020-02-23,1,0,0,0,1,0,0,2020/07/12 15:04:56
Grays Harbor County,2020-03-01,1,0,0,0,1,0,0,2020/07/12 15:04:56
Grays Harbor County,2020-03-15,1,0,0,1,0,0,0,2020/07/12 15:04:56
Grays Harbor County,2020-03-22,3,0,1,2,0,0,0,2020/07/12 15:04:56
Grays Harbor County,2020-03-29,4,0,0,2,2,0,0,2020/07/12 15:04:56
Grays Harbor County,2020-04-05,1,0,0,0,1,0,0,2020/07/12 15:04:56
Grays Harbor County,2020-04-26,1,0,0,0,0,1,0,2020/07/12 15:04:56
Grays Harbor County,2020-05-03,2,0,0,0,2,0,0,2020/07/12 15:04:56
Grays Harbor County,2020-05-17,2,1,1,0,0,0,0,2020/07/12 15:04:56
Grays Harbor County,2020-05-24,1,0,1,0,0,0,0,2020/07/12 15:04:56
Grays Harbor County,2020-05-31,4,0,3,1,0,0,0,2020/07/12 15:04:56
Grays Harbor County,2020-06-07,1,0,0,1,0,0,0,2020/07/12 15:04:56
Grays Harbor County,2020-06-14,3,1,0,0,2,0,0,2020/07/12 15:04:56
Grays Harbor County,2020-06-21,5,0,3,2,0,0,0,2020/07/12 15:04:56
Grays Harbor County,2020-06-28,10,0,6,3,1,0,0,2020/07/12 15:04:56
Grays Harbor County,2020-07-05,2,0,1,1,0,0,0,2020/07/12 15:04:56
Island County,2020-02-23,2,0,0,1,1,0,0,2020/07/12 15:04:56
Island County,2020-03-01,10,0,0,5,5,0,0,2020/07/12 15:04:56
Island County,2020-03-08,25,0,6,8,9,2,0,2020/07/12 15:04:56
Island County,2020-03-15,34,0,9,10,11,4,0,2020/07/12 15:04:56
Island County,2020-03-22,70,3,15,14,14,24,0,2020/07/12 15:04:56
Island County,2020-03-29,22,0,2,8,8,4,0,2020/07/12 15:04:56
Island County,2020-04-05,4,0,1,2,1,0,0,2020/07/12 15:04:56
Island County,2020-04-12,1,0,1,0,0,0,0,2020/07/12 15:04:56
Island County,2020-04-19,3,0,0,0,0,3,0,2020/07/12 15:04:56
Island County,2020-04-26,5,0,1,2,2,0,0,2020/07/12 15:04:56
Island County,2020-05-03,4,0,2,2,0,0,0,2020/07/12 15:04:56
Island County,2020-05-10,1,0,0,0,1,0,0,2020/07/12 15:04:56
Island County,2020-05-24,1,0,0,1,0,0,0,2020/07/12 15:04:56
Island County,2020-06-07,4,1,0,2,1,0,0,2020/07/12 15:04:56
Island County,2020-06-14,4,0,2,0,2,0,0,2020/07/12 15:04:56
Island County,2020-06-21,8,1,2,2,3,0,0,2020/07/12 15:04:56
Island County,2020-06-28,3,0,0,2,1,0,0,2020/07/12 15:04:56
Island County,2020-07-05,5,1,3,0,0,1,0,2020/07/12 15:04:56
Jefferson County,2020-02-23,2,0,0,1,1,0,0,2020/07/12 15:04:56
Jefferson County,2020-03-01,4,0,2,0,2,0,0,2020/07/12 15:04:56
Jefferson County,2020-03-08,10,0,3,3,4,0,0,2020/07/12 15:04:56
Jefferson County,2020-03-15,9,0,2,1,5,1,0,2020/07/12 15:04:56
Jefferson County,2020-03-22,3,0,0,1,1,1,0,2020/07/12 15:04:56
Jefferson County,2020-03-29,2,0,0,0,2,0,0,2020/07/12 15:04:56
Jefferson County,2020-05-31,1,1,0,0,0,0,0,2020/07/12 15:04:56
Jefferson County,2020-06-07,1,0,0,0,1,0,0,2020/07/12 15:04:56
Jefferson County,2020-06-14,3,0,1,1,1,0,0,2020/07/12 15:04:56
Jefferson County,2020-06-21,3,1,0,0,2,0,0,2020/07/12 15:04:56
Jefferson County,2020-06-28,3,0,2,0,1,0,0,2020/07/12 15:04:56
King County,2020-02-02,2,0,1,1,0,0,0,2020/07/12 15:04:56
King County,2020-02-09,5,0,1,2,2,0,0,2020/07/12 15:04:56
King County,2020-02-16,46,1,8,11,20,6,0,2020/07/12 15:04:56
King County,2020-02-23,115,2,17,31,45,20,0,2020/07/12 15:04:56
King County,2020-03-01,290,1,59,81,100,49,0,2020/07/12 15:04:56
King County,2020-03-08,792,19,202,231,233,107,0,2020/07/12 15:04:56
King County,2020-03-15,1035,12,324,366,242,91,0,2020/07/12 15:04:56
King County,2020-03-22,1094,19,310,400,235,130,0,2020/07/12 15:04:56
King County,2020-03-29,989,36,291,336,226,99,1,2020/07/12 15:04:56
King County,2020-04-05,802,33,213,281,186,88,1,2020/07/12 15:04:56
King County,2020-04-12,739,41,250,238,146,63,1,2020/07/12 15:04:56
King County,2020-04-19,614,34,213,196,128,43,0,2020/07/12 15:04:56
King County,2020-04-26,578,43,204,201,81,49,0,2020/07/12 15:04:56
King County,2020-05-03,420,41,158,120,64,37,0,2020/07/12 15:04:56
King County,2020-05-10,389,48,133,123,63,22,0,2020/07/12 15:04:56
King County,2020-05-17,322,50,109,95,46,22,0,2020/07/12 15:04:56
King County,2020-05-24,314,41,139,81,31,22,0,2020/07/12 15:04:56
King County,2020-05-31,259,38,109,70,34,7,1,2020/07/12 15:04:56
King County,2020-06-07,379,42,173,89,50,25,0,2020/07/12 15:04:56
King County,2020-06-14,578,72,278,157,50,21,0,2020/07/12 15:04:56
King County,2020-06-21,793,144,410,167,57,15,0,2020/07/12 15:04:56
King County,2020-06-28,873,177,472,157,52,14,1,2020/07/12 15:04:56
King County,2020-07-05,397,74,194,79,42,8,0,2020/07/12 15:04:56
Kitsap County,2020-02-16,1,0,1,0,0,0,0,2020/07/12 15:04:56
Kitsap County,2020-02-23,1,0,0,0,1,0,0,2020/07/12 15:04:56
Kitsap County,2020-03-01,6,0,1,5,0,0,0,2020/07/12 15:04:56
Kitsap County,2020-03-08,22,2,5,9,6,0,0,2020/07/12 15:04:56
Kitsap County,2020-03-15,34,1,7,17,8,1,0,2020/07/12 15:04:56
Kitsap County,2020-03-22,36,1,10,17,6,2,0,2020/07/12 15:04:56
Kitsap County,2020-03-29,27,1,11,7,6,2,0,2020/07/12 15:04:56
Kitsap County,2020-04-05,11,0,2,6,3,0,0,2020/07/12 15:04:56
Kitsap County,2020-04-12,9,1,4,3,0,1,0,2020/07/12 15:04:56
Kitsap County,2020-04-19,3,0,2,1,0,0,0,2020/07/12 15:04:56
Kitsap County,2020-04-26,3,1,1,0,1,0,0,2020/07/12 15:04:56
Kitsap County,2020-05-03,2,0,0,1,1,0,0,2020/07/12 15:04:56
Kitsap County,2020-05-10,6,0,4,2,0,0,0,2020/07/12 15:04:56
Kitsap County,2020-05-17,1,0,0,1,0,0,0,2020/07/12 15:04:56
Kitsap County,2020-05-24,4,0,1,3,0,0,0,2020/07/12 15:04:56
Kitsap County,2020-05-31,11,3,4,3,1,0,0,2020/07/12 15:04:56
Kitsap County,2020-06-07,11,1,4,2,3,1,0,2020/07/12 15:04:56
Kitsap County,2020-06-14,23,2,9,9,2,1,0,2020/07/12 15:04:56
Kitsap County,2020-06-21,39,4,17,9,7,2,0,2020/07/12 15:04:56
Kitsap County,2020-06-28,29,3,12,4,8,2,0,2020/07/12 15:04:56
Kitsap County,2020-07-05,12,1,4,3,4,0,0,2020/07/12 15:04:56
Kittitas County,2020-01-26,1,0,0,0,1,0,0,2020/07/12 15:04:56
Kittitas County,2020-02-16,3,0,0,0,3,0,0,2020/07/12 15:04:56
Kittitas County,2020-03-08,2,0,0,2,0,0,0,2020/07/12 15:04:56
Kittitas County,2020-03-15,5,0,2,2,1,0,0,2020/07/12 15:04:56
Kittitas County,2020-03-22,2,0,1,1,0,0,0,2020/07/12 15:04:56
Kittitas County,2020-03-29,2,0,1,0,1,0,0,2020/07/12 15:04:56
Kittitas County,2020-04-05,1,0,0,0,1,0,0,2020/07/12 15:04:56
Kittitas County,2020-04-19,1,0,1,0,0,0,0,2020/07/12 15:04:56
Kittitas County,2020-04-26,3,0,1,2,0,0,0,2020/07/12 15:04:56
Kittitas County,2020-05-03,30,1,17,8,4,0,0,2020/07/12 15:04:56
Kittitas County,2020-05-10,18,5,5,8,0,0,0,2020/07/12 15:04:56
Kittitas County,2020-05-17,17,7,4,5,1,0,0,2020/07/12 15:04:56
Kittitas County,2020-05-24,6,2,3,0,1,0,0,2020/07/12 15:04:56
Kittitas County,2020-05-31,1,0,1,0,0,0,0,2020/07/12 15:04:56
Kittitas County,2020-06-07,6,1,4,0,1,0,0,2020/07/12 15:04:56
Kittitas County,2020-06-14,19,3,7,8,1,0,0,2020/07/12 15:04:56
Kittitas County,2020-06-21,36,3,18,7,7,1,0,2020/07/12 15:04:56
Kittitas County,2020-06-28,20,2,14,1,2,1,0,2020/07/12 15:04:56
Kittitas County,2020-07-05,3,0,3,0,0,0,0,2020/07/12 15:04:56
Klickitat County,2020-03-01,2,0,0,1,1,0,0,2020/07/12 15:04:56
Klickitat County,2020-03-15,6,0,0,0,6,0,0,2020/07/12 15:04:56
Klickitat County,2020-03-22,2,0,1,0,0,1,0,2020/07/12 15:04:56
Klickitat County,2020-03-29,2,1,0,0,1,0,0,2020/07/12 15:04:56
Klickitat County,2020-04-05,4,0,1,0,1,2,0,2020/07/12 15:04:56
Klickitat County,2020-04-19,2,0,0,1,1,0,0,2020/07/12 15:04:56
Klickitat County,2020-04-26,3,0,1,1,1,0,0,2020/07/12 15:04:56
Klickitat County,2020-05-03,3,1,0,2,0,0,0,2020/07/12 15:04:56
Klickitat County,2020-05-10,1,0,0,0,1,0,0,2020/07/12 15:04:56
Klickitat County,2020-05-17,1,0,1,0,0,0,0,2020/07/12 15:04:56
Klickitat County,2020-05-24,3,1,1,1,0,0,0,2020/07/12 15:04:56
Klickitat County,2020-05-31,15,1,7,3,4,0,0,2020/07/12 15:04:56
Klickitat County,2020-06-07,8,3,3,2,0,0,0,2020/07/12 15:04:56
Klickitat County,2020-06-14,5,1,0,3,1,0,0,2020/07/12 15:04:56
Klickitat County,2020-06-21,10,3,3,2,2,0,0,2020/07/12 15:04:56
Klickitat County,2020-06-28,11,4,2,4,0,1,0,2020/07/12 15:04:56
Lewis County,2020-03-08,3,0,1,1,0,1,0,2020/07/12 15:04:56
Lewis County,2020-03-15,10,0,2,2,4,2,0,2020/07/12 15:04:56
Lewis County,2020-03-22,4,0,1,0,2,1,0,2020/07/12 15:04:56
Lewis County,2020-03-29,2,0,0,1,1,0,0,2020/07/12 15:04:56
Lewis County,2020-04-05,3,0,1,1,1,0,0,2020/07/12 15:04:56
Lewis County,2020-04-12,1,0,1,0,0,0,0,2020/07/12 15:04:56
Lewis County,2020-04-19,5,0,0,2,3,0,0,2020/07/12 15:04:56
Lewis County,2020-04-26,1,0,0,1,0,0,0,2020/07/12 15:04:56
Lewis County,2020-05-03,1,0,0,1,0,0,0,2020/07/12 15:04:56
Lewis County,2020-05-10,4,0,1,3,0,0,0,2020/07/12 15:04:56
Lewis County,2020-05-24,2,0,1,1,0,0,0,2020/07/12 15:04:56
Lewis County,2020-06-07,5,0,1,1,2,1,0,2020/07/12 15:04:56
Lewis County,2020-06-14,17,0,11,6,0,0,0,2020/07/12 15:04:56
Lewis County,2020-06-21,19,1,7,9,2,0,0,2020/07/12 15:04:56
Lewis County,2020-06-28,8,1,5,1,1,0,0,2020/07/12 15:04:56
Lewis County,2020-07-05,9,1,5,0,1,2,0,2020/07/12 15:04:56
Mason County,2020-03-01,1,0,0,0,1,0,0,2020/07/12 15:04:56
Mason County,2020-03-08,1,0,0,0,1,0,0,2020/07/12 15:04:56
Mason County,2020-03-15,7,0,1,3,2,1,0,2020/07/12 15:04:56
Mason County,2020-03-22,6,0,0,3,3,0,0,2020/07/12 15:04:56
Mason County,2020-03-29,5,0,1,2,2,0,0,2020/07/12 15:04:56
Mason County,2020-04-12,3,0,0,2,1,0,0,2020/07/12 15:04:56
Mason County,2020-04-19,2,0,2,0,0,0,0,2020/07/12 15:04:56
Mason County,2020-04-26,4,0,2,1,0,1,0,2020/07/12 15:04:56
Mason County,2020-05-03,2,0,1,0,1,0,0,2020/07/12 15:04:56
Mason County,2020-05-10,3,0,1,2,0,0,0,2020/07/12 15:04:56
Mason County,2020-05-17,2,0,1,0,1,0,0,2020/07/12 15:04:56
Mason County,2020-05-24,2,0,0,2,0,0,0,2020/07/12 15:04:56
Mason County,2020-05-31,2,1,0,1,0,0,0,2020/07/12 15:04:56
Mason County,2020-06-07,2,0,0,0,2,0,0,2020/07/12 15:04:56
Mason County,2020-06-14,3,0,2,1,0,0,0,2020/07/12 15:04:56
Mason County,2020-06-21,8,0,3,5,0,0,0,2020/07/12 15:04:56
Mason County,2020-06-28,7,0,2,3,2,0,0,2020/07/12 15:04:56
Okanogan County,2020-03-08,3,0,0,2,1,0,0,2020/07/12 15:04:56
Okanogan County,2020-03-15,1,0,0,0,1,0,0,2020/07/12 15:04:56
Okanogan County,2020-03-22,4,1,1,0,2,0,0,2020/07/12 15:04:56
Okanogan County,2020-03-29,4,2,1,1,0,0,0,2020/07/12 15:04:56
Okanogan County,2020-04-05,2,1,0,1,0,0,0,2020/07/12 15:04:56
Okanogan County,2020-04-12,3,0,0,2,1,0,0,2020/07/12 15:04:56
Okanogan County,2020-04-19,6,0,2,2,2,0,0,2020/07/12 15:04:56
Okanogan County,2020-04-26,1,1,0,0,0,0,0,2020/07/12 15:04:56
Okanogan County,2020-05-03,11,0,7,3,1,0,0,2020/07/12 15:04:56
Okanogan County,2020-05-10,9,4,4,1,0,0,0,2020/07/12 15:04:56
Okanogan County,2020-05-17,2,1,1,0,0,0,0,2020/07/12 15:04:56
Okanogan County,2020-05-24,9,1,5,3,0,0,0,2020/07/12 15:04:56
Okanogan County,2020-05-31,11,3,2,4,2,0,0,2020/07/12 15:04:56
Okanogan County,2020-06-07,11,1,2,4,4,0,0,2020/07/12 15:04:56
Okanogan County,2020-06-14,9,0,6,0,3,0,0,2020/07/12 15:04:56
Okanogan County,2020-06-21,23,1,17,4,1,0,0,2020/07/12 15:04:56
Okanogan County,2020-06-28,48,11,27,7,3,0,0,2020/07/12 15:04:56
Okanogan County,2020-07-05,46,5,19,20,2,0,0,2020/07/12 15:04:56
Pacific County,2020-03-29,2,0,1,0,1,0,0,2020/07/12 15:04:56
Pacific County,2020-04-05,1,0,0,1,0,0,0,2020/07/12 15:04:56
Pacific County,2020-04-19,1,0,0,0,1,0,0,2020/07/12 15:04:56
Pacific County,2020-04-26,2,0,0,2,0,0,0,2020/07/12 15:04:56
Pacific County,2020-05-03,3,0,1,2,0,0,0,2020/07/12 15:04:56
Pacific County,2020-05-31,1,0,0,1,0,0,0,2020/07/12 15:04:56
Pacific County,2020-06-07,2,0,2,0,0,0,0,2020/07/12 15:04:56
Pacific County,2020-06-21,6,2,3,1,0,0,0,2020/07/12 15:04:56
Pend Oreille County,2020-03-15,1,0,0,0,0,1,0,2020/07/12 15:04:56
Pend Oreille County,2020-04-05,1,0,0,1,0,0,0,2020/07/12 15:04:56
Pend Oreille County,2020-05-17,1,0,1,0,0,0,0,2020/07/12 15:04:56
Pend Oreille County,2020-06-21,3,0,1,0,2,0,0,2020/07/12 15:04:56
Pend Oreille County,2020-06-28,2,1,0,1,0,0,0,2020/07/12 15:04:56
Pend Oreille County,2020-07-05,1,0,1,0,0,0,0,2020/07/12 15:04:56
Pierce County,2020-02-16,2,0,1,1,0,0,0,2020/07/12 15:04:56
Pierce County,2020-02-23,11,2,1,6,2,0,0,2020/07/12 15:04:56
Pierce County,2020-03-01,38,0,7,14,16,1,0,2020/07/12 15:04:56
Pierce County,2020-03-08,104,4,26,36,31,7,0,2020/07/12 15:04:56
Pierce County,2020-03-15,224,7,67,86,58,6,0,2020/07/12 15:04:56
Pierce County,2020-03-22,242,6,62,101,62,11,0,2020/07/12 15:04:56
Pierce County,2020-03-29,281,10,87,92,68,24,0,2020/07/12 15:04:56
Pierce County,2020-04-05,188,13,55,72,35,13,0,2020/07/12 15:04:56
Pierce County,2020-04-12,198,3,52,86,47,10,0,2020/07/12 15:04:56
Pierce County,2020-04-19,162,12,50,63,26,11,0,2020/07/12 15:04:56
Pierce County,2020-04-26,154,15,57,57,19,6,0,2020/07/12 15:04:56
Pierce County,2020-05-03,145,11,48,51,24,11,0,2020/07/12 15:04:56
Pierce County,2020-05-10,99,12,34,32,11,10,0,2020/07/12 15:04:56
Pierce County,2020-05-17,82,7,27,22,18,8,0,2020/07/12 15:04:56
Pierce County,2020-05-24,91,9,41,26,8,7,0,2020/07/12 15:04:56
Pierce County,2020-05-31,90,13,37,24,12,4,0,2020/07/12 15:04:56
Pierce County,2020-06-07,104,9,52,31,9,3,0,2020/07/12 15:04:56
Pierce County,2020-06-14,193,20,101,42,20,10,0,2020/07/12 15:04:56
Pierce County,2020-06-21,232,14,137,53,18,10,0,2020/07/12 15:04:56
Pierce County,2020-06-28,308,39,167,63,25,11,3,2020/07/12 15:04:56
Pierce County,2020-07-05,237,44,127,48,12,5,1,2020/07/12 15:04:56
San Juan County,2020-03-08,1,0,0,1,0,0,0,2020/07/12 15:04:56
San Juan County,2020-03-15,3,0,0,2,1,0,0,2020/07/12 15:04:56
San Juan County,2020-03-22,3,0,0,2,1,0,0,2020/07/12 15:04:56
San Juan County,2020-03-29,6,0,0,4,1,1,0,2020/07/12 15:04:56
San Juan County,2020-04-05,1,1,0,0,0,0,0,2020/07/12 15:04:56
San Juan County,2020-04-12,1,0,0,1,0,0,0,2020/07/12 15:04:56
San Juan County,2020-06-07,1,0,1,0,0,0,0,2020/07/12 15:04:56
San Juan County,2020-06-14,2,1,0,0,0,1,0,2020/07/12 15:04:56
San Juan County,2020-06-21,1,0,1,0,0,0,0,2020/07/12 15:04:56
San Juan County,2020-06-28,1,0,0,0,1,0,0,2020/07/12 15:04:56
Skagit County,2020-02-16,1,0,0,1,0,0,0,2020/07/12 15:04:56
Skagit County,2020-02-23,1,0,1,0,0,0,0,2020/07/12 15:04:56
Skagit County,2020-03-01,8,0,3,2,2,1,0,2020/07/12 15:04:56
Skagit County,2020-03-08,43,1,8,11,20,3,0,2020/07/12 15:04:56
Skagit County,2020-03-15,48,3,9,20,13,3,0,2020/07/12 15:04:56
Skagit County,2020-03-22,43,3,13,13,9,5,0,2020/07/12 15:04:56
Skagit County,2020-03-29,42,0,8,12,14,8,0,2020/07/12 15:04:56
Skagit County,2020-04-05,44,3,13,21,7,0,0,2020/07/12 15:04:56
Skagit County,2020-04-12,54,4,17,12,16,5,0,2020/07/12 15:04:56
Skagit County,2020-04-19,66,10,25,25,5,1,0,2020/07/12 15:04:56
Skagit County,2020-04-26,42,7,19,13,3,0,0,2020/07/12 15:04:56
Skagit County,2020-05-03,26,1,9,15,0,1,0,2020/07/12 15:04:56
Skagit County,2020-05-10,11,4,2,3,2,0,0,2020/07/12 15:04:56
Skagit County,2020-05-17,2,0,2,0,0,0,0,2020/07/12 15:04:56
Skagit County,2020-05-24,13,2,7,4,0,0,0,2020/07/12 15:04:56
Skagit County,2020-05-31,11,3,5,3,0,0,0,2020/07/12 15:04:56
Skagit County,2020-06-07,20,1,8,8,3,0,0,2020/07/12 15:04:56
Skagit County,2020-06-14,20,5,11,4,0,0,0,2020/07/12 15:04:56
Skagit County,2020-06-21,29,4,12,11,2,0,0,2020/07/12 15:04:56
Skagit County,2020-06-28,45,7,16,10,4,8,0,2020/07/12 15:04:56
Skagit County,2020-07-05,36,7,14,9,5,1,0,2020/07/12 15:04:56
Skamania County,2020-03-22,2,0,0,1,1,0,0,2020/07/12 15:04:56
Skamania County,2020-04-05,1,0,0,0,1,0,0,2020/07/12 15:04:56
Skamania County,2020-06-14,1,0,1,0,0,0,0,2020/07/12 15:04:56
Skamania County,2020-06-21,6,0,1,2,2,1,0,2020/07/12 15:04:56
Skamania County,2020-06-28,10,3,6,1,0,0,0,2020/07/12 15:04:56
Skamania County,2020-07-05,3,0,1,2,0,0,0,2020/07/12 15:04:56
Snohomish County,2020-01-16,1,0,1,0,0,0,0,2020/07/12 15:04:56
Snohomish County,2020-01-26,2,0,1,1,0,0,0,2020/07/12 15:04:56
Snohomish County,2020-02-02,6,0,1,2,1,2,0,2020/07/12 15:04:56
Snohomish County,2020-02-09,4,0,1,2,1,0,0,2020/07/12 15:04:56
Snohomish County,2020-02-16,20,1,3,9,6,1,0,2020/07/12 15:04:56
Snohomish County,2020-02-23,51,1,11,15,17,7,0,2020/07/12 15:04:56
Snohomish County,2020-03-01,200,3,36,69,69,22,1,2020/07/12 15:04:56
Snohomish County,2020-03-08,343,5,85,141,85,27,0,2020/07/12 15:04:56
Snohomish County,2020-03-15,494,6,159,192,112,25,0,2020/07/12 15:04:56
Snohomish County,2020-03-22,427,16,145,166,78,22,0,2020/07/12 15:04:56
Snohomish County,2020-03-29,301,15,100,98,54,34,0,2020/07/12 15:04:56
Snohomish County,2020-04-05,216,9,71,81,41,14,0,2020/07/12 15:04:56
Snohomish County,2020-04-12,202,16,63,55,42,26,0,2020/07/12 15:04:56
Snohomish County,2020-04-19,195,10,58,73,29,25,0,2020/07/12 15:04:56
Snohomish County,2020-04-26,186,14,57,59,27,29,0,2020/07/12 15:04:56
Snohomish County,2020-05-03,114,6,43,35,24,6,0,2020/07/12 15:04:56
Snohomish County,2020-05-10,99,9,34,22,11,23,0,2020/07/12 15:04:56
Snohomish County,2020-05-17,94,6,27,25,21,15,0,2020/07/12 15:04:56
Snohomish County,2020-05-24,58,7,21,20,10,0,0,2020/07/12 15:04:56
Snohomish County,2020-05-31,82,13,28,28,12,1,0,2020/07/12 15:04:56
Snohomish County,2020-06-07,110,17,39,30,16,8,0,2020/07/12 15:04:56
Snohomish County,2020-06-14,172,40,63,47,14,8,0,2020/07/12 15:04:56
Snohomish County,2020-06-21,220,37,111,40,30,2,0,2020/07/12 15:04:56
Snohomish County,2020-06-28,218,55,100,44,18,1,0,2020/07/12 15:04:56
Snohomish County,2020-07-05,151,35,68,33,11,4,0,2020/07/12 15:04:56
Spokane County,2020-02-16,1,0,0,0,1,0,0,2020/07/12 15:04:56
Spokane County,2020-02-23,1,0,0,0,0,1,0,2020/07/12 15:04:56
Spokane County,2020-03-01,9,0,4,3,2,0,0,2020/07/12 15:04:56
Spokane County,2020-03-08,38,0,8,12,17,1,0,2020/07/12 15:04:56
Spokane County,2020-03-15,90,1,19,39,27,4,0,2020/07/12 15:04:56
Spokane County,2020-03-22,72,2,23,24,17,6,0,2020/07/12 15:04:56
Spokane County,2020-03-29,44,3,10,13,15,3,0,2020/07/12 15:04:56
Spokane County,2020-04-05,31,0,6,7,7,11,0,2020/07/12 15:04:56
Spokane County,2020-04-12,32,0,8,10,6,8,0,2020/07/12 15:04:56
Spokane County,2020-04-19,42,4,15,8,10,5,0,2020/07/12 15:04:56
Spokane County,2020-04-26,21,0,5,5,6,5,0,2020/07/12 15:04:56
Spokane County,2020-05-03,16,7,3,3,2,1,0,2020/07/12 15:04:56
Spokane County,2020-05-10,44,7,17,17,3,0,0,2020/07/12 15:04:56
Spokane County,2020-05-17,109,18,53,22,12,4,0,2020/07/12 15:04:56
Spokane County,2020-05-24,99,15,59,19,5,1,0,2020/07/12 15:04:56
Spokane County,2020-05-31,134,32,52,28,15,7,0,2020/07/12 15:04:56
Spokane County,2020-06-07,132,16,69,31,14,2,0,2020/07/12 15:04:56
Spokane County,2020-06-14,204,34,99,43,23,5,0,2020/07/12 15:04:56
Spokane County,2020-06-21,399,58,229,81,28,3,0,2020/07/12 15:04:56
Spokane County,2020-06-28,365,47,193,87,26,12,0,2020/07/12 15:04:56
Spokane County,2020-07-05,180,25,86,46,15,8,0,2020/07/12 15:04:56
Stevens County,2020-03-01,1,0,0,1,0,0,0,2020/07/12 15:04:56
Stevens County,2020-03-08,1,0,0,0,1,0,0,2020/07/12 15:04:56
Stevens County,2020-03-22,4,0,0,1,3,0,0,2020/07/12 15:04:56
Stevens County,2020-03-29,1,0,0,0,1,0,0,2020/07/12 15:04:56
Stevens County,2020-04-12,2,1,0,0,1,0,0,2020/07/12 15:04:56
Stevens County,2020-05-10,1,0,0,1,0,0,0,2020/07/12 15:04:56
Stevens County,2020-05-17,2,0,0,2,0,0,0,2020/07/12 15:04:56
Stevens County,2020-05-24,1,0,0,1,0,0,0,2020/07/12 15:04:56
Stevens County,2020-05-31,1,0,0,1,0,0,0,2020/07/12 15:04:56
Stevens County,2020-06-07,2,1,0,1,0,0,0,2020/07/12 15:04:56
Stevens County,2020-06-14,2,0,0,1,1,0,0,2020/07/12 15:04:56
Stevens County,2020-06-21,3,0,1,0,2,0,0,2020/07/12 15:04:56
Stevens County,2020-06-28,2,0,1,1,0,0,0,2020/07/12 15:04:56
Stevens County,2020-07-05,4,1,2,1,0,0,0,2020/07/12 15:04:56
Thurston County,2020-02-23,1,0,0,1,0,0,0,2020/07/12 15:04:56
Thurston County,2020-03-01,4,0,0,3,1,0,0,2020/07/12 15:04:56
Thurston County,2020-03-08,17,0,4,6,6,1,0,2020/07/12 15:04:56
Thurston County,2020-03-15,15,0,1,6,8,0,0,2020/07/12 15:04:56
Thurston County,2020-03-22,31,1,6,11,12,1,0,2020/07/12 15:04:56
Thurston County,2020-03-29,16,1,6,6,3,0,0,2020/07/12 15:04:56
Thurston County,2020-04-05,10,0,4,4,2,0,0,2020/07/12 15:04:56
Thurston County,2020-04-12,12,1,2,6,3,0,0,2020/07/12 15:04:56
Thurston County,2020-04-19,8,1,1,4,1,1,0,2020/07/12 15:04:56
Thurston County,2020-04-26,5,3,0,1,1,0,0,2020/07/12 15:04:56
Thurston County,2020-05-03,5,0,2,2,0,1,0,2020/07/12 15:04:56
Thurston County,2020-05-10,3,0,0,2,1,0,0,2020/07/12 15:04:56
Thurston County,2020-05-17,6,0,1,3,2,0,0,2020/07/12 15:04:56
Thurston County,2020-05-24,28,1,5,9,7,6,0,2020/07/12 15:04:56
Thurston County,2020-05-31,26,0,7,9,4,6,0,2020/07/12 15:04:56
Thurston County,2020-06-07,19,1,7,6,1,4,0,2020/07/12 15:04:56
Thurston County,2020-06-14,21,4,9,6,2,0,0,2020/07/12 15:04:56
Thurston County,2020-06-21,43,5,24,8,6,0,0,2020/07/12 15:04:56
Thurston County,2020-06-28,43,8,18,11,6,0,0,2020/07/12 15:04:56
Thurston County,2020-07-05,39,7,12,14,5,0,1,2020/07/12 15:04:56
Wahkiakum County,2020-03-15,1,0,0,1,0,0,0,2020/07/12 15:04:56
Wahkiakum County,2020-03-22,1,0,0,1,0,0,0,2020/07/12 15:04:56
Wahkiakum County,2020-05-03,2,0,0,1,1,0,0,2020/07/12 15:04:56
Wahkiakum County,2020-06-14,1,0,0,1,0,0,0,2020/07/12 15:04:56
Walla Walla County,2020-03-08,1,0,0,1,0,0,0,2020/07/12 15:04:56
Walla Walla County,2020-03-15,2,0,1,0,1,0,0,2020/07/12 15:04:56
Walla Walla County,2020-03-22,5,0,2,2,1,0,0,2020/07/12 15:04:56
Walla Walla County,2020-03-29,11,1,4,4,2,0,0,2020/07/12 15:04:56
Walla Walla County,2020-04-05,16,0,8,4,4,0,0,2020/07/12 15:04:56
Walla Walla County,2020-04-12,13,1,5,6,1,0,0,2020/07/12 15:04:56
Walla Walla County,2020-04-19,29,3,7,10,8,1,0,2020/07/12 15:04:56
Walla Walla County,2020-04-26,18,3,11,4,0,0,0,2020/07/12 15:04:56
Walla Walla County,2020-05-03,7,0,4,1,0,2,0,2020/07/12 15:04:56
Walla Walla County,2020-05-10,6,1,0,2,0,3,0,2020/07/12 15:04:56
Walla Walla County,2020-05-17,2,0,0,2,0,0,0,2020/07/12 15:04:56
Walla Walla County,2020-05-24,3,1,1,0,1,0,0,2020/07/12 15:04:56
Walla Walla County,2020-05-31,10,1,1,6,2,0,0,2020/07/12 15:04:56
Walla Walla County,2020-06-07,13,0,7,4,2,0,0,2020/07/12 15:04:56
Walla Walla County,2020-06-14,18,3,8,5,2,0,0,2020/07/12 15:04:56
Walla Walla County,2020-06-21,30,2,15,8,4,1,0,2020/07/12 15:04:56
Walla Walla County,2020-06-28,19,1,13,2,3,0,0,2020/07/12 15:04:56
Walla Walla County,2020-07-05,16,3,5,5,2,1,0,2020/07/12 15:04:56
Whatcom County,2020-02-16,1,0,0,0,1,0,0,2020/07/12 15:04:56
Whatcom County,2020-02-23,1,0,0,1,0,0,0,2020/07/12 15:04:56
Whatcom County,2020-03-01,6,0,0,2,3,1,0,2020/07/12 15:04:56
Whatcom County,2020-03-08,27,1,8,8,5,5,0,2020/07/12 15:04:56
Whatcom County,2020-03-15,72,1,22,20,12,17,0,2020/07/12 15:04:56
Whatcom County,2020-03-22,84,1,20,27,20,16,0,2020/07/12 15:04:56
Whatcom County,2020-03-29,62,4,15,13,10,20,0,2020/07/12 15:04:56
Whatcom County,2020-04-05,22,1,4,3,9,5,0,2020/07/12 15:04:56
Whatcom County,2020-04-12,12,0,6,1,2,3,0,2020/07/12 15:04:56
Whatcom County,2020-04-19,12,2,4,4,2,0,0,2020/07/12 15:04:56
Whatcom County,2020-04-26,23,5,13,2,1,2,0,2020/07/12 15:04:56
Whatcom County,2020-05-03,16,3,3,3,3,4,0,2020/07/12 15:04:56
Whatcom County,2020-05-10,20,3,10,5,2,0,0,2020/07/12 15:04:56
Whatcom County,2020-05-17,21,6,10,3,1,1,0,2020/07/12 15:04:56
Whatcom County,2020-05-24,23,9,7,7,0,0,0,2020/07/12 15:04:56
Whatcom County,2020-05-31,33,12,15,3,2,1,0,2020/07/12 15:04:56
Whatcom County,2020-06-07,35,5,20,8,2,0,0,2020/07/12 15:04:56
Whatcom County,2020-06-14,87,17,29,22,17,2,0,2020/07/12 15:04:56
Whatcom County,2020-06-21,84,26,27,21,10,0,0,2020/07/12 15:04:56
Whatcom County,2020-06-28,39,9,18,8,4,0,0,2020/07/12 15:04:56
Whatcom County,2020-07-05,30,3,13,9,4,1,0,2020/07/12 15:04:56
Whitman County,2020-03-08,1,0,1,0,0,0,0,2020/07/12 15:04:56
Whitman County,2020-03-15,4,0,1,2,1,0,0,2020/07/12 15:04:56
Whitman County,2020-03-22,3,1,0,2,0,0,0,2020/07/12 15:04:56
Whitman County,2020-03-29,4,0,2,2,0,0,0,2020/07/12 15:04:56
Whitman County,2020-04-12,3,0,2,0,0,1,0,2020/07/12 15:04:56
Whitman County,2020-04-19,1,0,1,0,0,0,0,2020/07/12 15:04:56
Whitman County,2020-05-10,2,0,2,0,0,0,0,2020/07/12 15:04:56
Whitman County,2020-05-17,2,0,2,0,0,0,0,2020/07/12 15:04:56
Whitman County,2020-05-31,6,2,2,1,1,0,0,2020/07/12 15:04:56
Whitman County,2020-06-07,2,1,1,0,0,0,0,2020/07/12 15:04:56
Whitman County,2020-06-14,4,0,1,3,0,0,0,2020/07/12 15:04:56
Whitman County,2020-06-21,5,0,2,1,2,0,0,2020/07/12 15:04:56
Whitman County,2020-06-28,7,0,5,2,0,0,0,2020/07/12 15:04:56
Whitman County,2020-07-05,1,1,0,0,0,0,0,2020/07/12 15:04:56
Yakima County,2020-01-16,1,0,1,0,0,0,0,2020/07/12 15:04:56
Yakima County,2020-02-09,3,0,1,1,1,0,0,2020/07/12 15:04:56
Yakima County,2020-02-16,2,0,0,2,0,0,0,2020/07/12 15:04:56
Yakima County,2020-03-01,14,0,0,4,9,1,0,2020/07/12 15:04:56
Yakima County,2020-03-08,23,1,10,6,6,0,0,2020/07/12 15:04:56
Yakima County,2020-03-15,74,3,32,23,12,4,0,2020/07/12 15:04:56
Yakima County,2020-03-22,157,2,41,55,37,21,1,2020/07/12 15:04:56
Yakima County,2020-03-29,235,16,62,75,62,20,0,2020/07/12 15:04:56
Yakima County,2020-04-05,239,14,81,81,49,14,0,2020/07/12 15:04:56
Yakima County,2020-04-12,241,29,87,71,40,14,0,2020/07/12 15:04:56
Yakima County,2020-04-19,288,22,103,104,43,16,0,2020/07/12 15:04:56
Yakima County,2020-04-26,406,38,140,136,58,33,1,2020/07/12 15:04:56
Yakima County,2020-05-03,524,58,206,168,58,34,0,2020/07/12 15:04:56
Yakima County,2020-05-10,649,71,278,213,73,14,0,2020/07/12 15:04:56
Yakima County,2020-05-17,680,85,298,203,84,10,0,2020/07/12 15:04:56
Yakima County,2020-05-24,759,96,324,227,105,7,0,2020/07/12 15:04:56
Yakima County,2020-05-31,918,131,411,274,87,15,0,2020/07/12 15:04:56
Yakima County,2020-06-07,795,112,325,222,94,42,0,2020/07/12 15:04:56
Yakima County,2020-06-14,766,135,326,195,87,23,0,2020/07/12 15:04:56
Yakima County,2020-06-21,659,106,274,174,63,42,0,2020/07/12 15:04:56
Yakima County,2020-06-28,466,69,196,131,40,30,0,2020/07/12 15:04:56
Yakima County,2020-07-05,223,36,103,54,26,4,0,2020/07/12 15:04:56
Unassigned,2020-04-12,1,0,0,0,1,0,0,2020/07/12 15:04:56
Unassigned,2020-04-19,1,0,0,1,0,0,0,2020/07/12 15:04:56
Unassigned,2020-05-10,1,0,0,1,0,0,0,2020/07/12 15:04:56
Unassigned,2020-05-17,7,0,3,4,0,0,0,2020/07/12 15:04:56
Unassigned,2020-05-24,5,0,3,2,0,0,0,2020/07/12 15:04:56
Unassigned,2020-05-31,2,0,1,0,0,0,1,2020/07/12 15:04:56
Unassigned,2020-06-07,3,0,2,1,0,0,0,2020/07/12 15:04:56
Unassigned,2020-06-14,10,0,8,1,0,0,1,2020/07/12 15:04:56
Unassigned,2020-06-21,24,1,11,7,5,0,0,2020/07/12 15:04:56
Unassigned,2020-06-28,26,1,14,5,3,3,0,2020/07/12 15:04:56
Unassigned,2020-07-05,57,7,27,14,7,2,0,2020/07/12 15:04:56
